Algorithms,based,image,neural,network,detection,wavelet,neural_network,transform,classification,adaptive,fault,images,artificial,fuzzy,diagnosis,artificial_neural,signal,system,analysis
Algorithms,optimization,based,multi,algorithm,design,approach,objective,multi_objective,optimal,fuzzy,genetic,power,system,scheduling,problem,genetic_algorithm,economic,swarm,evolutionary
Chemistry,bed,coal,air,gas,fluidized,solid,studies,fluidized_bed,modeling,performance,iron,liquid,high,optimization,experimental,behavior,packed,reactor,bubble
Chemistry,poly,characterization,synthesis,acid,delivery,development,polymer,properties,evaluation,vitro,alcohol,drug,based,release,vinyl,water,methacrylate,mechanical,controlled
Chemistry,membrane,characterization,poly,preparation,synthesis,composite,properties,membranes,based,exchange,polyethylene,density,ethylene,glycol,ether,evaluation,synthesis_characterization,cross,transport
Chemistry,alloy,al,mechanical,composites,properties,effect,machining,composite,ti,mechanical_properties,wear,behavior,alloys,friction,process,parameters,matrix,metal,study
Chemistry,liquid,extraction,aqueous,studies,phase,ionic,membrane,study,separation,surfactant,recovery,acid,system,liquid_membrane,mixtures,effect,surfactants,solution,solutions
Chemistry,carbon,nanotubes,based,carbon_nanotubes,nanotube,carbon_nanotube,orthogonal,single,division,approach,sensors,code,method,reduction,multiwalled_carbon,multiwalled,equation,access,walled
Chemistry,removal,adsorption,aqueous,carbon,ii,solution,studies,activated,water,aqueous_solution,wastewater,equilibrium,waste,ions,dye,activated_carbon,modified,kinetic,treatment
Chemistry,synthesis,characterization,oxide,nanoparticles,synthesis_characterization,based,graphene,degradation,metal,photocatalytic,assisted,tio,application,zno,silver,zinc,nanocomposites,electrochemical,activity
Corrosion,acid,catalyst,corrosion,kinetics,oxidation,hydrogen,medium,steel,catalytic,supported,mild,mild_steel,synthesis,green,reaction,aqueous,iron,production,solid
Electrical,based,control,system,power,systems,phase,performance,frequency,analysis,time,single,energy,wind,design,controller,model,hybrid,voltage,optimal
Electrical,gate,low,voltage,dc,based,current,power,motor,modeling,design,performance,high,converter,applications,model,mode,inverter,analysis,mosfet
Electronics,antenna,band,microstrip,applications,design,compact,shape,structure,memory,resonator,patch,shaped,dual,shape_memory,array,analysis,based,slot,wideband
Electronics,sensor,networks,wireless,based,analysis,time,network,fiber,wireless_sensor,optical,sensor_networks,data,delay,performance,wireless_sensor_networks,wavelength,protocol,varying,coding
Fuel,oil,engine,performance,study,diesel,biodiesel,comparative,effect,combustion,comparative_study,diesel_engine,fuel,emission,production,characteristics,pressure,waste,blends,methyl
Fuel,cell,solar,energy,cells,high,fuel,based,silicon,performance,study,dye,fuel_cell,solar_cells,sensitized,single,dye_sensitized_solar,sensitized_solar,dye_sensitized,efficiency
Marine,production,beta,characterization,sp,scale,bacillus,large,strain,process,degradation,alpha,marine,application,purification,large_scale,biodegradation,optimization,isolated,solid
Mechanics,analysis,method,finite,order,composite,vibration,plates,element,free,finite_element,nonlinear,dynamic,beams,fractional,laminated,shear,response,differential,equations
Mechanics,mo,tensile,stress,steel,cr_mo,strain,cr,distillation,mo_steel,behaviour,analysis,cr_mo_steel,tube,application,pulse,approach,behavior,creep,modified
Mechanics,steel,stainless,stainless_steel,effect,low,high,fatigue,laser,strength,crack,behavior,corrosion,investigation,properties,high_strength,grain,austenitic,microstructure,behaviour
Mechanics,experimental,performance,concrete,reinforced,studies,investigation,study,seismic,evaluation,strength,materials,analysis,design,high,composite,numerical,effect,damage,pressure
Mechanics,analysis,system,simulation,approach,model,design,based,reliability,development,study,dynamics,impact,failure,comprehensive,systems,monte_carlo,carlo,monte,water
Physics,system,fuzzy,gamma,modelling,delta,neuro_fuzzy,neuro,micro,full,aircraft,angle,amplifier,optical,quality,improved,inference,crosstalk,raman,continuous
Physics,properties,thin,films,structural,thin_films,optical,doped,effect,electrical,zno,magnetic,nanoparticles,dielectric,temperature,studies,zn,film,synthesis,fe
Physics,flow,heat,transfer,convection,heat_transfer,porous,fluid,effect,thermal,effects,vertical,medium,analysis,study,numerical,plate,layer,mass,natural
Process,effect,model,system,composition,range,ratio,effects,parts,stage,measurements,approach,prey,rate,forward,dynamic,field,hybrid,high,predator
Process,surface,response,process,optimization,methodology,response_surface,parameters,response_surface_methodology,surface_methodology,process_parameters,model,micro,application,approach,analysis,prediction,optimization_process,journal,bearing
Process,production,fly_ash,ash,fly,demand,model,inventory,policy,application,system,deteriorating,price,improved,waste,level,mass,inventory_model,items,agent
Water,india,water,study,case,indian,assessment,management,analysis,chain,case_study,supply,supply_chain,modeling,model,approach,risk,groundwater,quality,bengal
